"Date","Price","Open","High","Low","Vol.","Change %"
"05/04/2026","73.04","73.99","74.57","72.71","13.49K","-1.22%"
"05/01/2026","73.94","73.61","75.06","73.60","10.14K","0.20%"
"04/30/2026","73.79","73.00","74.00","72.43","18.23K","0.81%"
"04/29/2026","73.20","75.23","76.04","72.85","27.16K","-2.54%"
"04/28/2026","75.11","74.70","75.79","74.65","17.59K","0.50%"
"04/27/2026","74.74","74.76","75.50","74.15","15.28K","-0.21%"
"04/24/2026","74.90","75.02","75.89","74.19","16.31K","0.07%"
"04/23/2026","74.85","74.11","75.13","74.11","14.69K","0.59%"
"04/22/2026","74.41","75.49","76.19","74.09","17.84K","-1.70%"
"04/21/2026","75.70","75.92","76.14","74.81","17.94K","-0.56%"
"04/20/2026","76.13","76.66","76.95","75.61","18.17K","-1.72%"
"04/17/2026","77.46","75.12","78.07","74.91","31.65K","3.29%"
"04/16/2026","74.99","74.31","75.80","73.56","19.70K","1.13%"
"04/15/2026","74.15","74.45","75.50","74.06","18.87K","-0.96%"
"04/14/2026","74.87","72.56","75.20","72.42","25.30K","3.14%"
"04/13/2026","72.59","72.45","72.85","71.60","20.30K","-0.34%"
"04/10/2026","72.84","73.83","73.83","72.45","13.27K","-1.19%"
"04/09/2026","73.72","71.55","73.77","71.30","20.31K","2.86%"
"04/08/2026","71.67","72.60","73.97","71.47","20.22K","0.22%"
"04/07/2026","71.51","71.65","72.55","71.21","17.38K","-0.25%"
"04/02/2026","71.69","74.46","74.46","71.25","25.93K","-3.95%"
"04/01/2026","74.64","72.54","74.91","72.22","35.14K","2.94%"
"03/31/2026","72.51","72.48","73.34","71.55","21.04K","0.46%"
"03/30/2026","72.18","71.41","73.97","70.94","33.24K","0.71%"
"03/27/2026","71.67","71.34","72.47","71.11","24.32K","0.03%"
"03/26/2026","71.65","71.14","72.75","70.40","27.99K","1.29%"
"03/25/2026","70.74","71.50","73.16","68.51","36.20K","-0.67%"
"03/24/2026","71.22","69.10","71.80","68.28","29.67K","2.83%"
"03/23/2026","69.26","67.18","70.03","65.72","37.87K","2.36%"
"03/20/2026","67.66","63.10","69.80","63.10","44.91K","6.30%"
"03/19/2026","63.65","65.13","65.50","63.07","53.08K","-3.37%"
"03/18/2026","65.87","66.65","67.45","65.72","44.11K","-1.17%"
"03/17/2026","66.65","68.50","68.55","64.93","52.13K","-3.41%"
"03/16/2026","69.00","69.16","70.35","68.38","33.45K","-0.23%"
"03/13/2026","69.16","68.50","69.48","67.60","33.10K","0.63%"
"03/12/2026","68.73","71.87","72.61","67.82","71.94K","-4.36%"
"03/11/2026","71.86","73.65","74.48","71.36","35.05K","-1.44%"
"03/10/2026","72.91","71.19","73.55","71.00","38.91K","2.83%"
"03/09/2026","70.90","69.97","71.30","69.20","42.04K","0.47%"
"03/06/2026","70.57","70.69","71.73","69.88","36.71K","0.31%"
"03/05/2026","70.35","70.39","70.89","69.53","38.43K","-0.58%"
"03/04/2026","70.76","73.35","73.80","70.26","43.96K","-3.50%"
"03/03/2026","73.33","70.10","74.84","69.50","58.61K","3.91%"
"03/02/2026","70.57","68.70","71.20","67.90","56.84K","0.40%"
"02/27/2026","70.29","70.90","71.90","69.80","29.19K","-0.96%"
"02/26/2026","70.97","72.39","72.53","69.25","45.54K","-2.22%"
"02/25/2026","72.58","70.79","72.97","70.79","25.29K","2.70%"
"02/24/2026","70.67","71.50","71.93","70.15","33.02K","-0.99%"
"02/23/2026","71.38","73.06","73.70","71.27","32.51K","-3.25%"
"02/20/2026","73.78","71.40","74.50","71.14","31.54K","3.42%"
"02/19/2026","71.34","71.88","72.88","71.05","43.68K","-0.32%"
"02/18/2026","71.57","69.93","72.15","68.73","45.36K","2.13%"
"02/17/2026","70.08","69.00","71.22","68.57","43.91K","1.30%"
"02/16/2026","69.18","70.10","71.55","68.11","49.55K","-2.12%"
"02/13/2026","70.68","72.00","74.26","70.55","66.32K","-2.56%"
"02/12/2026","72.54","77.50","77.50","72.00","90.92K","-7.53%"
"02/11/2026","78.45","78.85","79.15","76.10","53.35K","-0.52%"
"02/10/2026","78.86","81.30","82.00","78.49","45.20K","-3.06%"
"02/09/2026","81.35","79.59","81.75","78.88","34.72K","3.33%"
"02/06/2026","78.73","78.18","79.72","76.20","69.79K","0.68%"
"02/05/2026","78.20","82.72","83.02","77.80","71.68K","-5.69%"
"02/04/2026","82.92","81.12","83.50","80.00","47.68K","-0.23%"
"02/03/2026","83.11","83.89","84.84","81.20","49.17K","-0.20%"
"02/02/2026","83.28","80.61","84.00","79.46","46.76K","2.49%"
"01/30/2026","81.26","83.25","84.11","80.61","56.12K","-3.24%"
"01/29/2026","83.98","85.93","86.00","83.39","61.24K","-2.96%"
"01/28/2026","86.54","88.39","88.54","85.75","32.79K","-2.07%"
"01/27/2026","88.37","87.23","88.71","87.23","25.98K","1.42%"
"01/26/2026","87.13","88.30","89.30","86.26","37.03K","-1.44%"
"01/23/2026","88.40","88.30","89.73","88.00","27.68K","-0.08%"
"01/22/2026","88.47","89.15","90.82","87.75","51.61K","1.62%"
"01/21/2026","87.06","84.74","87.48","84.26","59.55K","2.47%"
"01/20/2026","84.96","88.00","88.28","83.52","95.09K","-3.61%"
"01/19/2026","88.14","91.30","91.30","87.97","65.91K","-4.24%"
"01/16/2026","92.04","92.23","93.61","91.76","32.03K","-0.22%"
"01/15/2026","92.24","92.19","93.80","91.75","41.76K","0.46%"
"01/14/2026","91.82","90.52","92.36","90.22","33.82K","1.19%"
"01/13/2026","90.74","90.40","91.08","90.18","29.98K","0.71%"
"01/12/2026","90.10","89.86","90.42","89.41","30.91K","0.60%"
"01/09/2026","89.56","88.39","89.66","88.03","31.85K","1.55%"
"01/08/2026","88.19","87.60","88.34","87.10","26.89K","0.07%"
"01/07/2026","88.13","88.20","88.75","87.76","27.85K","0.03%"
"01/06/2026","88.10","87.51","88.15","87.13","22.53K","0.97%"
"01/05/2026","87.25","88.09","88.78","87.05","27.80K","-1.20%"
"01/02/2026","88.31","87.55","88.88","87.47","15.83K","1.08%"
"12/31/2025","87.37","86.99","87.55","86.83","11.92K","0.10%"
"12/30/2025","87.28","87.25","87.60","86.92","13.76K","-0.21%"
"12/29/2025","87.46","88.07","88.47","87.25","15.97K","-0.62%"
"12/24/2025","88.01","88.54","88.59","87.74","6.77K","-0.60%"
"12/23/2025","88.54","87.48","88.88","87.48","18.15K","1.21%"
"12/22/2025","87.48","87.05","87.95","86.71","17.70K","0.49%"
"12/19/2025","87.05","86.60","87.29","86.08","16.35K","0.66%"
"12/18/2025","86.48","86.89","87.14","85.56","27.49K","-0.37%"
"12/17/2025","86.80","87.37","88.49","86.45","32.86K","-0.64%"
"12/16/2025","87.36","87.37","87.98","86.95","19.85K","0.09%"
"12/15/2025","87.28","83.67","85.51","83.67","6.63K","4.17%"
"12/12/2025","83.79","84.08","84.40","83.40","20.51K","-0.13%"
"12/11/2025","83.90","82.72","84.40","82.72","44.12K","1.80%"
"12/10/2025","82.42","82.62","82.90","81.92","44.60K","-0.52%"
"12/09/2025","82.85","82.10","82.95","81.88","41.00K","1.06%"
"12/08/2025","81.98","81.74","82.58","81.66","33.52K","0.00%"
"12/05/2025","81.98","82.47","82.74","81.61","39.01K","-0.55%"
"12/04/2025","82.43","81.55","82.68","81.28","48.55K","0.78%"
"12/03/2025","81.79","81.88","82.36","81.22","46.31K","-0.04%"
"12/02/2025","81.82","82.50","82.56","81.51","47.75K","-0.99%"
"12/01/2025","82.64","83.00","83.37","82.53","39.25K","-0.74%"
"11/28/2025","83.26","82.26","83.32","82.26","33.71K","1.28%"
"11/27/2025","82.21","81.69","82.52","81.01","55.62K","0.65%"
"11/26/2025","81.68","82.01","82.34","81.30","46.71K","-0.23%"
"11/25/2025","81.87","80.54","82.20","80.49","45.25K","1.56%"
"11/24/2025","80.61","80.30","80.90","79.57","45.78K","0.25%"
"11/21/2025","80.41","80.85","81.00","80.04","32.45K","-1.17%"
"11/20/2025","81.36","80.66","81.89","80.66","28.33K","0.87%"
"11/19/2025","80.66","80.89","81.59","80.20","32.51K","-0.69%"
"11/18/2025","81.22","79.91","81.45","79.52","40.88K","1.63%"
"11/17/2025","79.92","81.45","81.45","79.78","34.46K","-1.25%"
"11/14/2025","80.93","81.28","81.75","80.44","28.11K","-0.50%"
"11/13/2025","81.34","82.16","82.79","80.92","41.70K","-0.70%"
"11/12/2025","81.91","80.79","82.37","80.79","41.00K","1.56%"
"11/11/2025","80.65","80.01","80.90","79.50","36.43K","0.86%"
"11/10/2025","79.96","79.55","80.35","78.91","28.31K","0.62%"
"11/07/2025","79.47","80.35","80.68","79.42","32.54K","-0.87%"
"11/06/2025","80.17","81.24","81.24","80.12","33.90K","-1.62%"
"11/05/2025","81.49","82.00","82.23","80.89","26.68K","-1.00%"
"11/04/2025","82.31","81.20","82.41","81.06","34.67K","1.37%"
"11/03/2025","81.20","78.78","81.75","78.78","47.92K","3.39%"
"10/31/2025","78.54","78.79","79.13","78.01","20.29K","-0.17%"
"10/30/2025","78.67","78.86","79.54","78.54","22.19K","-0.18%"
"10/29/2025","78.81","78.65","79.13","78.18","21.72K","0.63%"
"10/28/2025","78.32","77.94","78.88","77.50","23.63K","0.71%"
"10/27/2025","77.77","78.30","78.30","77.01","23.00K","-0.70%"
"10/24/2025","78.32","78.49","78.89","77.91","17.20K","-0.15%"
"10/23/2025","78.44","78.48","79.19","78.02","25.44K","-0.03%"
"10/22/2025","78.46","79.40","79.64","78.15","24.52K","-1.41%"
"10/21/2025","79.58","79.81","79.99","78.92","22.99K","-0.30%"
"10/20/2025","79.82","79.50","79.96","78.65","25.31K","0.45%"
"10/17/2025","79.46","78.99","79.90","78.12","32.20K","-0.06%"
"10/16/2025","79.51","78.06","79.69","77.61","27.00K","2.09%"
"10/15/2025","77.88","76.73","78.30","76.68","26.10K","1.25%"
"10/14/2025","76.92","77.90","77.90","76.69","32.10K","-1.54%"
"10/13/2025","78.12","79.54","79.74","77.76","32.33K","-1.96%"
"10/10/2025","79.68","79.22","80.37","79.01","31.64K","0.57%"
"10/09/2025","79.23","78.90","79.54","78.04","25.18K","0.28%"
"10/08/2025","79.01","78.14","79.29","77.90","19.36K","0.89%"
"10/07/2025","78.31","78.75","79.13","78.00","27.64K","-0.56%"
"10/06/2025","78.75","79.72","80.11","78.61","31.03K","-0.52%"
"10/03/2025","79.16","77.65","79.55","77.52","33.99K","2.23%"
"10/02/2025","77.43","76.35","77.80","76.11","31.99K","1.44%"
"10/01/2025","76.33","75.61","76.56","74.51","33.97K","0.81%"
"09/30/2025","75.72","76.79","76.80","75.57","24.55K","-1.39%"
"09/29/2025","76.79","75.85","76.97","75.06","27.91K","1.07%"
"09/26/2025","75.98","75.53","76.10","75.10","20.19K","0.29%"
"09/25/2025","75.76","76.03","76.59","75.36","25.39K","-0.34%"
"09/24/2025","76.02","76.64","76.78","75.77","22.11K","-1.00%"
"09/23/2025","76.79","76.21","77.25","75.77","25.55K","0.76%"
"09/22/2025","76.21","77.69","77.69","75.91","27.29K","-1.73%"
"09/19/2025","77.55","77.65","77.75","77.01","18.70K","-0.37%"
"09/18/2025","77.84","76.94","78.23","76.83","26.38K","1.12%"
"09/17/2025","76.98","77.50","78.45","76.69","31.13K","-0.68%"
"09/16/2025","77.51","77.05","78.26","76.49","32.48K","0.99%"
"09/15/2025","76.75","75.60","77.06","75.11","29.11K","1.29%"
"09/12/2025","75.77","75.34","76.03","75.10","21.58K","0.30%"
"09/11/2025","75.54","77.17","77.30","75.30","34.84K","-2.02%"
"09/10/2025","77.10","77.00","77.58","76.25","25.23K","0.26%"
"09/09/2025","76.90","77.00","77.23","76.00","31.66K","-0.35%"
"09/08/2025","77.17","76.05","77.32","75.50","28.61K","1.49%"
"09/05/2025","76.04","75.29","76.25","75.29","27.46K","0.80%"
"09/04/2025","75.44","75.00","75.71","74.58","27.45K","0.65%"
"09/03/2025","74.95","73.46","75.05","73.42","28.90K","1.82%"
"09/02/2025","73.61","74.12","74.44","73.36","28.08K","-0.49%"
"09/01/2025","73.97","72.90","74.55","72.78","32.66K","1.34%"
"08/29/2025","72.99","71.72","73.05","71.60","23.41K","1.77%"
"08/28/2025","71.72","72.34","72.34","71.31","24.62K","-0.72%"
"08/27/2025","72.24","72.72","73.30","71.93","19.03K","-0.70%"
"08/26/2025","72.75","72.04","72.98","71.58","21.04K","0.78%"
"08/25/2025","72.19","72.51","72.60","71.82","15.15K","-0.47%"
"08/22/2025","72.53","72.60","72.80","72.26","14.90K","-0.12%"
"08/21/2025","72.62","71.49","72.76","71.06","26.99K","1.87%"
"08/20/2025","71.29","71.30","71.54","70.65","17.71K","0.18%"
"08/19/2025","71.16","71.65","72.08","71.03","21.75K","-0.92%"
"08/18/2025","71.82","70.89","71.99","70.30","22.94K","1.61%"
"08/15/2025","70.68","71.02","71.31","70.28","16.55K","-0.39%"
"08/14/2025","70.96","71.88","71.88","70.57","27.41K","-1.09%"
"08/13/2025","71.74","71.50","72.15","71.26","14.85K","0.34%"
"08/12/2025","71.50","72.29","72.42","71.37","17.89K","-1.20%"
"08/11/2025","72.37","72.98","73.15","72.00","18.80K","-1.15%"
"08/08/2025","73.21","71.96","73.35","71.80","28.22K","2.01%"
"08/07/2025","71.77","70.73","72.01","70.30","25.41K","1.10%"
"08/06/2025","70.99","71.39","71.71","70.75","17.20K","-0.84%"
"08/05/2025","71.59","70.86","71.74","70.50","21.04K","1.04%"
"08/04/2025","70.85","71.00","71.33","70.15","22.02K","-0.27%"
"08/01/2025","71.04","72.30","72.43","71.00","27.57K","-2.23%"
"07/31/2025","72.66","72.64","73.07","72.22","20.49K","-0.27%"
"07/30/2025","72.86","73.18","73.35","72.52","15.02K","-0.30%"
"07/29/2025","73.08","70.73","73.30","70.40","32.11K","3.44%"
"07/28/2025","70.65","71.50","72.25","70.06","24.47K","-0.97%"
"07/25/2025","71.34","71.11","71.50","70.64","17.46K","0.65%"
"07/24/2025","70.88","69.83","71.18","69.23","30.79K","2.19%"
"07/23/2025","69.36","69.34","69.99","69.00","19.48K","0.36%"
"07/22/2025","69.11","69.91","69.91","68.86","24.53K","-1.03%"
"07/21/2025","69.83","70.12","70.55","69.72","20.62K","-0.09%"
"07/18/2025","69.89","70.55","71.03","69.84","18.03K","-0.94%"
"07/17/2025","70.55","71.16","71.39","70.32","20.01K","-1.07%"
"07/16/2025","71.31","71.28","72.39","70.84","18.06K","-0.28%"
"07/15/2025","71.51","70.30","71.65","69.99","19.39K","1.55%"
"07/14/2025","70.42","70.10","71.39","69.52","23.69K","-0.18%"
"07/11/2025","70.55","70.60","71.00","69.64","21.76K","-0.27%"
"07/10/2025","70.74","70.37","71.55","70.31","18.58K","0.50%"
"07/09/2025","70.39","70.45","71.08","69.89","17.80K","-0.04%"
"07/08/2025","70.42","71.22","71.46","70.28","20.66K","-1.10%"
"07/07/2025","71.20","71.70","71.99","70.62","17.58K","-0.66%"
"07/04/2025","71.67","72.32","72.32","71.25","12.91K","-0.54%"
"07/03/2025","72.06","71.70","72.79","71.06","22.29K","0.18%"
"07/02/2025","71.93","70.59","72.29","70.55","21.00K","1.91%"
"07/01/2025","70.58","69.11","70.89","68.90","25.72K","2.33%"
"06/30/2025","68.97","71.03","71.08","68.71","27.54K","-2.80%"
"06/27/2025","70.96","70.42","71.14","70.11","24.51K","0.80%"
"06/26/2025","70.40","71.08","71.50","70.26","35.18K","-1.05%"
"06/25/2025","71.15","73.24","73.40","70.96","31.98K","-3.25%"
"06/24/2025","73.54","73.00","74.57","72.60","38.63K","0.37%"
"06/23/2025","73.27","72.85","73.50","72.43","26.60K","0.41%"
"06/20/2025","72.97","72.86","73.37","72.08","22.33K","0.32%"
"06/19/2025","72.74","74.60","75.03","71.73","41.80K","-2.51%"
"06/18/2025","74.61","74.85","75.26","74.19","25.81K","-0.04%"
"06/17/2025","74.64","75.15","75.66","74.16","25.55K","-0.93%"
"06/16/2025","75.34","75.76","76.47","74.69","29.70K","-0.79%"
"06/13/2025","75.94","76.00","76.75","75.58","29.69K","0.73%"
"06/12/2025","75.39","74.26","75.80","73.32","36.67K","1.39%"
"06/11/2025","74.36","73.02","74.95","72.78","30.31K","2.34%"
"06/10/2025","72.66","74.23","74.28","72.31","27.51K","-2.12%"
"06/09/2025","74.23","73.88","74.94","73.24","21.68K","0.99%"
"06/06/2025","73.50","72.90","73.95","72.57","15.97K","1.04%"
"06/05/2025","72.74","72.61","74.04","72.32","27.69K","0.18%"
"06/04/2025","72.61","72.48","73.57","72.22","22.76K","0.01%"
"06/03/2025","72.60","71.07","72.86","70.68","27.01K","2.38%"
"06/02/2025","70.91","70.01","72.14","70.01","26.32K","0.71%"
"05/30/2025","70.41","70.76","71.69","70.13","19.73K","-0.75%"
"05/29/2025","70.94","72.86","73.48","70.65","24.70K","-1.57%"
"05/28/2025","72.07","71.20","72.65","70.77","24.16K","0.43%"
"05/27/2025","71.76","72.91","73.09","70.80","24.94K","-1.74%"
"05/26/2025","73.03","72.00","73.37","72.00","13.10K","2.05%"
"05/23/2025","71.56","72.50","73.00","70.00","29.77K","-0.82%"
"05/22/2025","72.15","72.59","73.63","71.75","25.75K","-0.81%"
"05/21/2025","72.74","73.62","73.87","72.30","22.25K","-0.60%"
"05/20/2025","73.18","69.76","73.51","69.73","29.31K","3.92%"
"05/19/2025","70.42","70.99","72.46","69.60","34.55K","-0.80%"
"05/16/2025","70.99","73.45","75.02","70.81","36.99K","-3.30%"
"05/15/2025","73.41","72.10","73.70","71.20","25.38K","1.49%"
"05/14/2025","72.33","73.08","73.63","71.55","21.27K","-0.78%"
"05/13/2025","72.90","73.12","73.82","71.90","29.60K","-0.69%"
"05/12/2025","73.41","70.80","73.63","70.52","33.93K","4.29%"
"05/09/2025","70.39","71.05","71.49","69.82","20.19K","-0.47%"
"05/08/2025","70.72","71.06","71.76","70.40","25.13K","-0.48%"
"05/07/2025","71.06","69.65","71.40","69.05","33.33K","2.58%"
"05/06/2025","69.27","67.55","69.68","67.45","27.18K","2.67%"
"05/05/2025","67.47","68.68","68.73","66.70","20.26K","-1.88%"
"05/02/2025","68.76","67.07","69.27","66.78","27.73K","2.60%"
"05/01/2025","67.02","66.86","67.35","66.24","9.49K","0.71%"
"04/30/2025","66.55","64.90","66.90","64.52","22.93K","2.62%"
"04/29/2025","64.85","64.95","65.40","64.14","24.94K","-0.70%"
"04/28/2025","65.31","66.11","66.37","64.72","23.55K","-1.69%"
"04/25/2025","66.43","66.46","67.63","66.24","24.75K","0.18%"
"04/24/2025","66.31","66.52","66.69","64.75","26.37K","-0.88%"
"04/23/2025","66.90","64.80","67.30","64.80","32.34K","3.90%"
"04/22/2025","64.39","65.10","65.94","63.61","26.24K","-2.28%"
"04/17/2025","65.89","67.18","67.37","65.47","21.38K","-1.61%"
"04/16/2025","66.97","65.70","67.64","65.52","26.89K","1.18%"
"04/15/2025","66.19","66.60","67.95","65.75","27.30K","-0.48%"
"04/14/2025","66.51","65.22","67.33","65.15","27.99K","2.61%"
"04/11/2025","64.82","62.82","65.33","61.78","37.73K","4.35%"
"04/10/2025","62.12","63.50","65.26","61.68","41.99K","1.94%"
"04/09/2025","60.94","60.65","61.67","60.07","48.63K","-1.80%"
"04/08/2025","62.06","63.46","63.57","60.84","44.52K","-1.24%"
"04/07/2025","62.84","62.50","65.24","60.26","66.18K","-1.54%"
"04/04/2025","63.82","66.06","66.26","62.69","64.78K","-3.39%"
"04/03/2025","66.06","67.46","67.48","65.63","50.00K","-3.63%"
"04/02/2025","68.55","70.00","70.35","68.16","26.79K","-1.88%"
"04/01/2025","69.86","67.98","70.72","67.61","35.63K","2.77%"
"03/31/2025","67.98","68.55","69.18","67.08","35.10K","-1.19%"
"03/28/2025","68.80","68.20","69.38","67.95","22.72K","0.38%"
"03/27/2025","68.54","70.55","70.58","68.08","43.81K","-3.23%"
"03/26/2025","70.83","70.27","71.80","69.88","30.76K","0.53%"
"03/25/2025","70.46","71.25","71.60","70.21","28.00K","-1.48%"
"03/24/2025","71.52","71.30","71.94","70.75","23.88K","0.10%"
"03/21/2025","71.45","74.00","74.16","71.23","26.97K","-2.14%"
"03/20/2025","73.01","73.73","74.19","72.80","27.71K","-0.59%"
"03/19/2025","73.44","71.50","74.23","71.50","35.88K","3.00%"
"03/18/2025","71.30","70.17","71.75","69.82","31.66K","1.70%"
"03/17/2025","70.11","70.37","70.99","69.59","20.05K","-1.24%"
"03/14/2025","70.99","70.42","71.75","69.37","25.08K","0.55%"
"03/13/2025","70.60","69.36","71.82","68.54","37.73K","1.41%"
"03/12/2025","69.62","67.69","69.81","67.27","27.44K","2.02%"
"03/11/2025","68.24","68.76","69.71","67.42","30.83K","-1.12%"
"03/10/2025","69.01","68.45","70.28","67.65","37.58K","0.55%"
"03/07/2025","68.63","67.30","69.45","66.78","41.02K","1.95%"
"03/06/2025","67.32","68.26","69.12","66.84","42.51K","-2.14%"
"03/05/2025","68.79","68.21","69.55","68.07","40.17K","0.42%"
"03/04/2025","68.50","71.40","71.66","67.70","53.99K","-4.26%"
"03/03/2025","71.55","71.80","72.87","71.28","26.46K","0.77%"
"02/28/2025","71.00","72.90","73.69","70.76","27.42K","-2.45%"
"02/27/2025","72.78","71.00","73.53","71.00","35.02K","2.48%"
"02/26/2025","71.02","71.78","72.58","70.69","32.84K","-1.02%"
"02/25/2025","71.75","73.76","74.00","71.15","31.67K","-2.59%"
"02/24/2025","73.66","74.62","74.99","72.16","31.86K","-0.32%"
"02/21/2025","73.90","72.60","74.90","72.41","29.69K","1.69%"
"02/20/2025","72.67","73.85","73.97","72.26","42.97K","-1.82%"
"02/19/2025","74.02","75.48","76.26","73.53","32.30K","-2.27%"
"02/18/2025","75.74","76.73","77.40","74.63","46.18K","-1.90%"
"02/17/2025","77.21","79.88","79.88","76.80","26.54K","-3.18%"
"02/14/2025","79.75","77.69","79.93","77.25","32.37K","2.18%"
"02/13/2025","78.05","80.25","80.49","77.79","43.48K","-2.79%"
"02/12/2025","80.29","81.60","82.12","80.05","31.62K","-2.78%"
"02/11/2025","82.59","82.80","84.17","81.62","31.00K","-0.42%"
"02/10/2025","82.94","82.70","84.25","82.70","25.92K","0.80%"
"02/07/2025","82.28","81.64","82.65","81.11","21.36K","0.43%"
"02/06/2025","81.93","81.05","83.00","80.94","31.29K","1.00%"
"02/05/2025","81.12","81.00","82.66","79.77","28.08K","0.30%"
"02/04/2025","80.88","81.10","81.90","79.48","34.15K","-0.10%"
"02/03/2025","80.96","84.01","84.22","80.10","42.84K","-3.54%"
"01/31/2025","83.93","82.90","84.44","82.67","25.67K","1.54%"
"01/30/2025","82.66","83.50","84.50","82.25","30.01K","-0.35%"
"01/29/2025","82.95","80.80","83.80","80.80","33.85K","3.35%"
"01/28/2025","80.26","79.55","80.80","78.30","31.80K","1.13%"
"01/27/2025","79.36","81.07","81.58","79.00","29.41K","-2.83%"
"01/24/2025","81.67","81.11","81.73","79.88","27.48K","1.13%"
"01/23/2025","80.76","79.22","82.00","78.98","39.24K","2.31%"
"01/22/2025","78.94","79.81","79.95","78.48","26.23K","-1.66%"
"01/21/2025","80.27","80.11","80.42","77.90","33.20K","0.35%"
"01/20/2025","79.99","79.00","80.50","78.45","28.31K","0.92%"
"01/17/2025","79.26","78.18","80.50","77.80","33.97K","1.19%"
"01/16/2025","78.33","78.00","78.75","77.25","29.68K","0.45%"
"01/15/2025","77.98","77.25","78.95","77.20","32.86K","1.33%"
"01/14/2025","76.96","76.75","77.25","75.75","23.69K","0.05%"
"01/13/2025","76.92","75.40","77.23","75.40","30.69K","2.77%"
"01/10/2025","74.85","73.39","75.18","72.33","28.43K","1.89%"
"01/09/2025","73.46","71.95","73.71","71.55","26.92K","1.79%"
"01/08/2025","72.17","74.62","74.62","71.91","25.21K","-2.53%"
"01/07/2025","74.04","74.56","74.92","72.91","26.67K","-0.43%"
"01/06/2025","74.36","75.94","76.15","73.80","25.52K","-2.08%"
"01/03/2025","75.94","75.05","76.35","74.86","23.02K","1.00%"
"01/02/2025","75.19","73.55","75.35","72.00","26.45K","3.00%"
"12/31/2024","73.00","72.04","73.62","71.90","14.67K","1.42%"
"12/30/2024","71.98","71.65","72.06","70.40","15.23K","0.59%"
"12/27/2024","71.56","69.75","71.80","69.61","13.79K","3.01%"
"12/24/2024","69.47","69.66","70.05","69.06","6.14K","-0.30%"
"12/23/2024","69.68","68.00","70.15","67.36","16.22K","2.17%"
"12/20/2024","68.20","67.85","68.70","67.40","16.85K","0.75%"
"12/19/2024","67.69","65.00","68.00","64.78","34.21K","4.36%"
"12/18/2024","64.86","64.40","65.75","64.15","25.37K","0.93%"
"12/17/2024","64.26","65.00","65.85","64.05","26.90K","-1.55%"
"12/16/2024","65.27","64.05","64.31","62.73","6.17K","1.30%"
"12/13/2024","64.43","65.81","66.61","64.15","20.48K","-2.53%"
"12/12/2024","66.10","68.53","68.84","65.54","47.62K","-3.69%"
"12/11/2024","68.63","68.30","69.58","67.91","43.39K","0.66%"
"12/10/2024","68.18","66.35","68.72","66.15","42.96K","2.73%"
"12/09/2024","66.37","68.55","68.70","65.93","47.07K","-2.84%"
"12/06/2024","68.31","67.25","68.74","66.92","29.00K","1.44%"
"12/05/2024","67.34","67.81","68.69","66.91","28.10K","-0.77%"
"12/04/2024","67.86","68.01","68.28","67.28","29.53K","-0.92%"
"12/03/2024","68.49","68.90","69.25","67.85","29.00K","-0.49%"
"12/02/2024","68.83","68.55","70.14","68.10","33.72K","0.63%"
"11/29/2024","68.40","67.85","68.54","67.13","22.28K","1.14%"
"11/28/2024","67.63","68.13","68.91","67.53","25.89K","-1.23%"
"11/27/2024","68.47","69.24","69.38","67.70","26.00K","-1.10%"
"11/26/2024","69.23","69.70","69.75","68.25","34.26K","-0.90%"
"11/25/2024","69.86","69.75","71.54","69.24","32.35K","0.85%"
"11/22/2024","69.27","70.49","70.96","69.01","39.97K","-1.03%"
"11/21/2024","69.99","68.46","70.78","68.45","40.08K","2.35%"
"11/20/2024","68.38","68.02","69.40","67.89","27.20K","0.37%"
"11/19/2024","68.13","69.47","69.83","67.84","35.33K","-1.99%"
"11/18/2024","69.51","67.28","70.03","66.96","38.33K","2.21%"
"11/15/2024","68.01","68.25","68.80","66.75","32.70K","-0.38%"
"11/14/2024","68.27","66.72","68.46","66.61","37.66K","2.96%"
"11/13/2024","66.31","67.12","67.24","65.39","34.37K","-1.81%"
"11/12/2024","67.53","67.50","67.77","65.76","33.59K","-0.06%"
"11/11/2024","67.57","67.27","68.80","66.92","32.43K","-0.66%"
"11/08/2024","68.02","66.25","68.28","65.96","36.64K","3.00%"
"11/07/2024","66.04","63.78","66.29","63.65","30.69K","3.58%"
"11/06/2024","63.76","64.00","64.19","62.37","32.21K","-0.84%"
"11/05/2024","64.30","65.46","65.69","64.10","24.33K","-1.41%"
"11/04/2024","65.22","64.09","65.89","64.00","25.33K","2.11%"
"11/01/2024","63.87","63.78","64.96","63.22","24.86K","-1.10%"
"10/31/2024","64.58","65.48","65.95","63.54","27.40K","-1.36%"
"10/30/2024","65.47","66.85","67.19","64.94","25.80K","-2.69%"
"10/29/2024","67.28","66.82","67.75","66.14","33.57K","1.33%"
"10/28/2024","66.40","66.25","66.61","64.61","27.99K","-0.85%"
"10/25/2024","66.97","66.61","67.36","66.08","31.31K","0.51%"
"10/24/2024","66.63","64.95","67.57","64.75","41.94K","2.68%"
"10/23/2024","64.89","62.35","65.36","61.71","30.50K","4.24%"
"10/22/2024","62.25","61.90","62.56","61.29","26.27K","0.79%"
"10/21/2024","61.76","62.45","62.95","61.36","23.68K","-0.83%"
"10/18/2024","62.28","63.00","63.47","62.22","21.06K","-1.11%"
"10/17/2024","62.98","63.03","63.64","62.63","20.47K","-0.08%"
"10/16/2024","63.03","64.84","65.63","62.80","28.45K","-3.16%"
"10/15/2024","65.09","65.41","65.59","64.17","25.00K","-1.33%"
"10/14/2024","65.97","64.75","66.18","63.85","23.33K","2.09%"
"10/11/2024","64.62","64.90","65.09","63.75","25.05K","-0.58%"
"10/10/2024","65.00","62.52","65.21","62.04","30.19K","4.82%"
"10/09/2024","62.01","60.19","62.71","59.95","36.11K","2.85%"
"10/08/2024","60.29","61.92","61.92","60.07","31.76K","-2.38%"
"10/07/2024","61.76","61.52","62.50","60.06","61.01K","-0.47%"
"10/04/2024","62.05","62.04","62.57","61.41","25.34K","-1.13%"
"10/03/2024","62.76","62.56","62.96","62.01","23.40K","0.26%"
"10/02/2024","62.60","63.90","65.04","62.54","35.78K","-1.59%"
"10/01/2024","63.61","65.23","65.23","62.75","48.31K","-2.97%"
"09/30/2024","65.56","66.46","66.97","65.13","25.80K","-1.16%"
"09/27/2024","66.33","66.00","66.46","65.28","21.37K","-0.29%"
"09/26/2024","66.52","65.25","66.75","64.34","31.10K","1.96%"
"09/25/2024","65.24","64.28","65.59","63.65","33.93K","2.14%"
"09/24/2024","63.87","64.21","64.93","63.53","30.76K","-0.36%"
"09/23/2024","64.10","63.70","64.72","63.34","27.18K","1.12%"
"09/20/2024","63.39","63.50","64.15","62.88","24.41K","0.91%"
"09/19/2024","62.82","63.93","65.42","62.39","49.40K","-1.38%"
"09/18/2024","63.70","64.49","64.88","63.21","22.57K","-0.99%"
"09/17/2024","64.34","63.20","65.16","62.45","33.43K","1.79%"
"09/16/2024","63.21","64.85","64.97","63.15","37.01K","-2.74%"
"09/13/2024","64.99","65.25","65.94","64.60","25.95K","-0.70%"
"09/12/2024","65.45","66.08","66.43","65.11","24.04K","-1.43%"
"09/11/2024","66.40","65.14","66.53","64.71","31.44K","2.28%"
"09/10/2024","64.92","66.27","67.18","64.76","34.48K","-2.41%"
"09/09/2024","66.52","66.50","67.45","66.06","24.49K","0.03%"
"09/06/2024","66.50","66.10","67.74","66.04","33.39K","0.45%"
"09/05/2024","66.20","66.79","67.68","65.95","33.56K","-1.19%"
"09/04/2024","67.00","68.10","68.47","66.75","28.04K","-1.70%"
"09/03/2024","68.16","70.41","70.44","68.10","34.50K","-3.22%"
"09/02/2024","70.43","70.03","70.99","69.56","24.52K","0.18%"
"08/30/2024","70.30","71.09","71.45","69.96","20.56K","-1.07%"
"08/29/2024","71.06","70.65","71.23","70.08","20.68K","0.41%"
"08/28/2024","70.77","71.51","72.21","70.35","22.67K","-1.01%"
"08/27/2024","71.49","70.67","71.93","70.24","20.82K","1.42%"
"08/26/2024","70.49","71.10","71.75","70.07","17.22K","-0.90%"
"08/23/2024","71.13","71.51","72.37","70.62","16.66K","-0.61%"
"08/22/2024","71.57","72.42","72.64","71.17","22.10K","-0.79%"
"08/21/2024","72.14","73.29","73.83","71.68","20.05K","-1.27%"
"08/20/2024","73.07","72.94","74.75","72.65","30.00K","-0.10%"
"08/19/2024","73.14","72.50","73.80","72.01","20.35K","0.85%"
"08/16/2024","72.52","72.19","72.98","71.50","14.66K","0.57%"
"08/15/2024","72.11","71.98","72.23","70.48","22.49K","0.33%"
"08/14/2024","71.87","71.35","72.44","71.26","15.75K","0.81%"
"08/13/2024","71.29","72.14","73.06","71.14","25.78K","-1.87%"
"08/12/2024","72.65","70.08","74.13","69.46","39.26K","3.58%"
"08/09/2024","70.14","71.00","71.86","69.61","20.31K","-1.29%"
"08/08/2024","71.06","71.19","71.73","69.72","25.35K","0.69%"
"08/07/2024","70.57","69.96","71.43","69.10","23.50K","0.87%"
"08/06/2024","69.96","69.02","70.39","69.02","22.12K","1.60%"
"08/05/2024","68.86","69.75","69.75","67.86","23.05K","-2.24%"
"08/02/2024","70.44","71.18","71.31","69.45","23.24K","-1.03%"
"08/01/2024","71.17","69.55","71.50","68.83","29.18K","2.79%"
"07/31/2024","69.24","68.95","69.44","68.04","20.38K","0.96%"
"07/30/2024","68.58","68.67","69.29","67.47","20.66K","-0.29%"
"07/29/2024","68.78","67.70","68.90","67.20","16.08K","1.58%"
"07/26/2024","67.71","66.90","68.15","66.79","12.68K","0.94%"
"07/25/2024","67.08","68.91","68.91","66.65","21.15K","-2.64%"
"07/24/2024","68.90","65.79","69.02","65.55","26.23K","4.73%"
"07/23/2024","65.79","64.82","66.22","64.26","19.17K","1.54%"
"07/22/2024","64.79","66.28","66.73","64.25","25.44K","-1.83%"
"07/19/2024","66.00","66.35","67.49","65.73","15.46K","-0.17%"
"07/18/2024","66.11","66.43","66.98","66.01","17.93K","-0.47%"
"07/17/2024","66.42","68.01","68.13","66.41","19.67K","-2.24%"
"07/16/2024","67.94","67.85","68.27","67.16","18.32K","0.53%"
"07/15/2024","67.58","69.58","69.58","67.10","22.05K","-2.55%"
"07/12/2024","69.35","68.55","69.52","67.69","18.19K","1.21%"
"07/11/2024","68.52","68.15","68.83","67.60","16.48K","0.82%"
"07/10/2024","67.96","68.66","69.40","67.86","15.81K","-0.82%"
"07/09/2024","68.52","69.15","69.19","68.18","16.72K","-0.75%"
"07/08/2024","69.04","70.59","71.85","68.80","25.02K","-1.86%"
"07/05/2024","70.35","70.12","71.15","69.94","12.63K","0.24%"
"07/04/2024","70.18","70.76","71.16","69.83","19.11K","-1.03%"
"07/03/2024","70.91","70.67","71.95","70.00","25.07K","-0.03%"
"07/02/2024","70.93","68.30","71.03","67.52","27.02K","3.81%"
"07/01/2024","68.33","67.41","69.68","67.13","19.71K","1.44%"
"06/28/2024","67.36","66.71","68.40","65.79","22.06K","1.31%"
"06/27/2024","66.49","67.03","67.78","66.42","19.50K","-1.10%"
"06/26/2024","67.23","68.35","69.09","66.80","22.83K","-0.84%"
"06/25/2024","67.80","67.45","68.07","66.85","20.56K","0.36%"
"06/24/2024","67.56","68.02","68.27","67.01","25.78K","-0.72%"
"06/21/2024","68.05","69.51","69.51","67.94","18.86K","-1.65%"
"06/20/2024","69.19","70.60","71.59","69.07","21.09K","-2.19%"
"06/19/2024","70.74","68.74","70.81","68.50","20.84K","3.45%"
"06/18/2024","68.38","68.26","69.25","67.72","25.05K","0.32%"
"06/17/2024","68.16","68.70","69.21","67.63","22.76K","-0.54%"
"06/14/2024","68.53","70.75","71.09","68.18","32.67K","-3.30%"
"06/13/2024","70.87","70.30","71.99","70.30","18.92K","0.81%"
"06/12/2024","70.30","70.45","71.75","69.97","20.42K","-0.16%"
"06/11/2024","70.41","70.80","72.17","69.87","22.85K","-0.71%"
"06/10/2024","70.91","71.14","71.20","69.29","27.32K","-0.71%"
"06/07/2024","71.42","71.78","71.88","71.02","14.70K","-0.15%"
"06/06/2024","71.53","71.82","72.98","71.25","19.25K","-0.65%"
"06/05/2024","72.00","72.72","73.26","70.96","25.06K","-0.80%"
"06/04/2024","72.58","74.52","74.71","72.27","29.74K","-2.75%"
"06/03/2024","74.63","74.44","77.80","74.25","29.51K","0.76%"
"05/31/2024","74.07","75.48","76.42","73.85","19.01K","-1.50%"
"05/30/2024","75.20","73.66","75.84","73.37","19.23K","1.69%"
"05/29/2024","73.95","74.50","75.60","72.95","21.29K","-0.87%"
"05/28/2024","74.60","75.99","76.24","74.15","20.35K","-2.50%"
"05/27/2024","76.51","75.70","76.99","75.58","11.68K","0.96%"
"05/24/2024","75.78","76.10","76.70","73.90","20.91K","-0.42%"
"05/23/2024","76.10","76.50","78.10","75.52","28.44K","-0.74%"
"05/22/2024","76.67","75.83","77.50","75.50","26.14K","0.62%"
"05/21/2024","76.20","74.18","76.64","73.05","27.58K","2.64%"
"05/20/2024","74.24","71.00","74.90","71.00","28.80K","5.28%"
"05/17/2024","70.52","70.50","71.52","69.60","19.40K","-0.38%"
"05/16/2024","70.79","69.09","71.24","68.88","19.43K","2.31%"
"05/15/2024","69.19","70.20","71.83","69.09","22.11K","-1.30%"
"05/14/2024","70.10","70.02","71.32","69.02","15.41K","0.04%"
"05/13/2024","70.07","71.33","71.49","68.75","24.98K","-2.12%"
"05/10/2024","71.59","73.50","75.50","71.28","22.20K","-2.76%"
"05/09/2024","73.62","71.40","74.08","71.13","14.64K","2.36%"
"05/08/2024","71.92","71.03","72.70","69.61","21.90K","1.51%"
"05/07/2024","70.85","73.25","74.30","70.57","31.16K","-3.83%"
"05/06/2024","73.67","71.74","74.49","71.52","18.25K","2.55%"
"05/03/2024","71.84","72.69","74.55","71.45","25.96K","-1.17%"
"05/02/2024","72.69","67.88","73.18","67.25","38.25K","7.04%"
"05/01/2024","67.91","69.19","69.26","67.35","12.26K","-1.86%"
"04/30/2024","69.20","65.95","69.60","65.38","26.24K","5.17%"
"04/29/2024","65.80","67.00","67.35","65.01","18.42K","-2.53%"
"04/26/2024","67.51","68.21","69.20","66.57","18.84K","-1.32%"
"04/25/2024","68.41","67.00","69.92","66.54","27.09K","2.33%"
"04/24/2024","66.85","66.25","67.45","64.80","22.73K","0.71%"
"04/23/2024","66.38","66.39","67.21","65.34","22.88K","-0.03%"
"04/22/2024","66.40","68.00","68.19","66.02","25.67K","-3.09%"
"04/19/2024","68.52","72.57","73.30","68.13","28.40K","-4.23%"
"04/18/2024","71.55","69.90","72.22","68.15","31.33K","1.73%"
"04/17/2024","70.33","74.13","74.48","69.24","37.88K","-5.28%"
"04/16/2024","74.25","70.26","74.90","69.87","36.63K","5.83%"
"04/15/2024","70.16","71.55","71.64","69.12","29.52K","-2.07%"
"04/12/2024","71.64","68.60","71.81","68.07","46.29K","4.08%"
"04/11/2024","68.83","62.98","68.92","62.81","47.86K","9.51%"
"04/10/2024","62.85","63.82","65.07","62.30","25.55K","-1.74%"
"04/09/2024","63.96","63.39","64.64","62.53","27.84K","0.90%"
"04/08/2024","63.39","60.72","63.77","59.69","32.01K","3.90%"
"04/05/2024","61.01","58.87","61.15","58.26","25.37K","4.49%"
"04/04/2024","58.39","57.50","59.24","57.10","22.26K","1.46%"
"04/03/2024","57.55","59.29","59.43","56.91","23.14K","-2.29%"
"04/02/2024","58.90","61.22","61.50","58.56","27.64K","-4.89%"
"03/28/2024","61.93","62.50","62.89","61.32","","-1.09%"
"03/27/2024","62.61","62.50","63.31","61.08","22.31K","-0.62%"
"03/26/2024","63.00","64.45","65.74","62.16","33.89K","-2.84%"
"03/25/2024","64.84","61.69","65.49","61.68","33.71K","5.43%"
"03/22/2024","61.50","59.10","62.06","58.80","24.38K","3.59%"
"03/21/2024","59.37","60.04","60.26","58.80","22.93K","-1.07%"
"03/20/2024","60.01","61.30","61.46","59.99","21.68K","-2.12%"
"03/19/2024","61.31","61.30","62.87","59.65","26.86K","-0.18%"
"03/18/2024","61.42","59.50","62.32","59.50","33.59K","3.44%"
"03/15/2024","59.38","58.90","60.25","58.14","27.06K","0.99%"
"03/14/2024","58.80","55.85","59.18","55.08","30.35K","5.24%"
"03/13/2024","55.87","56.86","57.90","55.65","23.40K","-1.98%"
"03/12/2024","57.00","56.26","57.08","55.24","26.90K","1.55%"
"03/11/2024","56.13","58.22","58.24","55.80","28.03K","-4.05%"
"03/08/2024","58.50","59.00","60.20","57.80","22.80K","-1.58%"
"03/07/2024","59.44","58.79","61.09","57.40","36.11K","1.11%"
"03/06/2024","58.79","60.25","62.80","58.09","44.52K","-2.02%"
"03/05/2024","60.00","57.28","61.23","56.73","48.66K","4.75%"
"03/04/2024","57.28","56.40","57.77","53.50","33.98K","1.72%"
"03/01/2024","56.31","56.50","56.84","55.08","22.85K","-0.23%"
"02/29/2024","56.44","57.53","57.81","55.25","27.04K","-1.35%"
"02/28/2024","57.21","56.21","58.87","55.45","38.36K","2.23%"
"02/27/2024","55.96","53.76","56.14","52.45","30.42K","3.96%"
"02/26/2024","53.83","52.11","54.52","51.55","23.89K","2.51%"
"02/23/2024","52.51","52.90","53.01","51.12","26.23K","-0.15%"
"02/22/2024","52.59","54.48","54.48","52.37","22.36K","-3.52%"
"02/21/2024","54.51","54.05","54.98","53.28","18.58K","0.55%"
"02/20/2024","54.21","53.50","55.04","51.86","30.45K","2.01%"
"02/19/2024","53.14","57.11","57.11","52.90","29.61K","-6.95%"
"02/16/2024","57.11","57.95","58.21","56.29","20.13K","-1.45%"
"02/15/2024","57.95","56.44","59.05","56.13","28.07K","2.68%"
"02/14/2024","56.44","56.43","57.57","55.41","23.61K","-0.37%"
"02/13/2024","56.65","57.20","57.89","55.65","23.80K","-0.96%"
"02/12/2024","57.20","58.64","58.80","56.59","24.58K","-2.72%"
"02/09/2024","58.80","60.50","60.50","58.20","26.39K","-3.15%"
"02/08/2024","60.71","62.50","62.50","60.27","26.07K","-2.58%"
"02/07/2024","62.32","63.35","63.68","62.25","17.67K","-1.84%"
"02/06/2024","63.49","62.79","63.97","62.00","19.28K","1.44%"
"02/05/2024","62.59","63.80","64.31","62.07","19.16K","-1.43%"
"02/02/2024","63.50","62.05","64.37","61.90","17.96K","1.89%"
"02/01/2024","62.32","64.16","64.87","62.10","22.15K","-3.23%"
"01/31/2024","64.40","63.90","65.14","62.94","21.32K","0.59%"
"01/30/2024","64.02","61.63","64.02","61.30","22.87K","3.64%"
"01/29/2024","61.77","63.60","64.06","61.58","22.58K","-2.11%"
"01/26/2024","63.10","63.15","65.03","62.10","21.96K","-0.49%"
"01/25/2024","63.41","66.43","66.43","62.90","25.61K","-3.63%"
"01/24/2024","65.80","63.36","66.10","63.16","25.09K","4.00%"
"01/23/2024","63.27","62.00","63.80","61.60","20.28K","1.38%"
"01/22/2024","62.41","63.03","63.03","60.86","21.64K","-1.59%"
"01/19/2024","63.42","63.37","64.23","62.93","15.14K","0.22%"
"01/18/2024","63.28","63.09","64.13","62.50","18.19K","-0.05%"
"01/17/2024","63.31","65.39","66.07","62.86","25.63K","-3.33%"
"01/16/2024","65.49","66.98","67.40","65.05","22.43K","-2.11%"
"01/15/2024","66.90","66.00","67.46","64.61","22.19K","1.66%"
"01/12/2024","65.81","68.05","69.15","64.81","26.80K","-3.08%"
"01/11/2024","67.90","69.80","70.29","66.98","25.23K","-3.01%"
"01/10/2024","70.01","71.82","72.80","69.25","21.79K","-2.84%"
"01/09/2024","72.06","71.99","72.83","71.12","17.19K","0.01%"
"01/08/2024","72.05","75.95","76.02","71.93","20.01K","-5.37%"
"01/05/2024","76.14","75.86","76.77","75.21","11.75K","0.36%"
"01/04/2024","75.87","77.49","78.29","74.90","15.83K","-2.09%"
"01/03/2024","77.49","76.17","77.76","76.01","12.31K","1.73%"
"01/02/2024","76.17","80.50","81.25","74.74","21.84K","-5.01%"
"12/29/2023","80.19","80.17","80.90","79.38","","-0.06%"
"12/28/2023","80.24","79.84","80.42","78.89","12.53K","0.25%"
"12/27/2023","80.04","79.13","80.98","79.03","14.40K","1.14%"
"12/22/2023","79.14","77.80","79.35","76.80","14.36K","1.28%"
"12/21/2023","78.14","75.36","78.70","75.36","24.73K","3.69%"
"12/20/2023","75.36","71.93","75.74","71.87","21.53K","4.77%"
"12/19/2023","71.93","71.83","72.04","70.67","12.54K","0.29%"
"12/18/2023","71.72","67.43","71.72","66.30","18.51K","6.14%"
"12/15/2023","67.57","66.76","67.82","66.23","12.69K","1.26%"
"12/14/2023","66.73","69.12","70.16","65.99","23.65K","-3.12%"
"12/13/2023","68.88","68.21","69.98","68.01","26.59K","0.94%"
"12/12/2023","68.24","67.30","68.60","66.88","23.04K","1.34%"
"12/11/2023","67.34","68.50","68.50","66.26","29.08K","-1.87%"
"12/08/2023","68.62","70.00","70.76","68.45","22.24K","-1.93%"
"12/07/2023","69.97","69.13","70.19","68.65","22.52K","1.46%"
"12/06/2023","68.96","69.11","70.00","68.37","23.02K","0.07%"
"12/05/2023","68.91","70.72","70.88","68.42","30.66K","-2.16%"
"12/04/2023","70.43","72.03","72.08","70.15","31.64K","-2.79%"
"12/01/2023","72.45","70.79","73.13","70.57","21.53K","2.68%"
"11/30/2023","70.56","70.55","71.71","70.45","26.25K","-0.31%"
"11/29/2023","70.78","72.33","73.25","70.56","28.53K","-2.37%"
"11/28/2023","72.50","73.04","73.71","72.01","23.92K","-0.78%"
"11/27/2023","73.07","76.34","76.50","72.79","28.36K","-4.43%"
"11/24/2023","76.46","76.68","77.19","76.00","13.70K","-0.14%"
"11/23/2023","76.57","75.30","77.22","74.88","20.68K","1.96%"
"11/22/2023","75.10","75.37","76.20","74.89","18.87K","-0.15%"
"11/21/2023","75.21","76.61","76.71","75.08","16.44K","-1.89%"
"11/20/2023","76.66","76.63","77.80","76.15","15.54K","0.56%"
"11/17/2023","76.23","77.09","77.68","76.02","15.96K","-1.26%"
"11/16/2023","77.20","79.80","79.89","76.49","23.12K","-3.26%"
"11/15/2023","79.80","78.57","80.27","78.57","20.26K","1.57%"
"11/14/2023","78.57","77.39","79.09","76.60","19.81K","1.99%"
"11/13/2023","77.04","78.50","78.92","76.17","19.75K","-1.86%"
"11/10/2023","78.50","77.69","78.85","76.29","18.97K","1.55%"
"11/09/2023","77.30","75.65","77.69","75.19","22.23K","2.52%"
"11/08/2023","75.40","75.28","76.38","74.84","19.63K","0.05%"
"11/07/2023","75.36","75.71","76.50","74.86","21.35K","-0.69%"
"11/06/2023","75.88","77.48","77.48","75.60","18.33K","-1.71%"
"11/03/2023","77.20","78.61","79.70","77.10","19.75K","-2.35%"
"11/02/2023","79.06","78.35","79.20","76.24","34.24K","0.51%"
"11/01/2023","78.66","79.40","80.16","78.37","19.68K","-0.94%"
"10/31/2023","79.41","78.65","79.50","78.15","21.72K","0.80%"
"10/30/2023","78.78","79.45","80.98","78.48","24.81K","-0.73%"
"10/27/2023","79.36","79.64","80.36","79.30","15.86K","-0.28%"
"10/26/2023","79.58","79.94","80.71","79.49","18.95K","-0.44%"
"10/25/2023","79.93","80.74","80.98","79.75","18.43K","-0.91%"
"10/24/2023","80.66","80.26","81.34","80.21","17.18K","0.45%"
"10/23/2023","80.30","81.39","81.50","80.06","17.53K","-1.68%"
"10/20/2023","81.67","81.98","82.50","81.05","15.05K","-0.40%"
"10/19/2023","82.00","81.70","82.24","80.84","17.07K","0.26%"
"10/18/2023","81.79","82.61","83.35","81.52","15.86K","-1.04%"
"10/17/2023","82.65","83.29","83.66","81.45","16.43K","-0.91%"
"10/16/2023","83.41","85.58","85.93","82.99","18.29K","-2.63%"
"10/13/2023","85.66","85.23","86.60","84.73","22.82K","0.25%"
"10/12/2023","85.45","83.78","85.69","83.50","16.72K","1.99%"
"10/11/2023","83.78","84.68","85.03","83.50","21.43K","-1.13%"
"10/10/2023","84.74","81.87","85.06","81.60","26.15K","3.81%"
"10/09/2023","81.63","80.65","81.96","80.00","16.51K","1.25%"
"10/06/2023","80.62","80.85","81.15","80.00","12.05K","-0.30%"
"10/05/2023","80.86","81.85","82.37","80.30","15.01K","-1.17%"
"10/04/2023","81.82","79.87","82.39","79.56","20.90K","2.53%"
"10/03/2023","79.80","80.70","80.91","79.52","23.91K","-1.12%"
"10/02/2023","80.70","81.42","81.66","80.62","14.76K","-0.92%"
"09/29/2023","81.45","83.00","83.24","81.42","11.38K","-2.00%"
"09/28/2023","83.11","81.83","83.24","81.82","11.32K","1.53%"
"09/27/2023","81.86","83.00","83.05","81.61","14.84K","-0.79%"
"09/26/2023","82.51","84.99","85.13","82.51","16.30K","-2.80%"
"09/25/2023","84.89","85.95","85.95","84.77","14.09K","-0.48%"
"09/22/2023","85.30","83.94","86.05","83.65","18.47K","1.03%"
"09/21/2023","84.43","82.70","84.61","81.70","16.17K","2.02%"
"09/20/2023","82.76","81.60","82.97","80.51","18.19K","1.80%"
"09/19/2023","81.30","80.97","81.69","80.55","12.94K","0.52%"
"09/18/2023","80.88","82.18","82.65","80.74","16.52K","-1.49%"
"09/15/2023","82.10","82.88","84.09","81.86","14.31K","-1.00%"
"09/14/2023","82.93","83.71","84.07","82.45","14.48K","-0.99%"
"09/13/2023","83.76","81.25","83.83","80.57","22.49K","3.25%"
"09/12/2023","81.12","81.85","82.41","80.98","17.50K","-0.75%"
"09/11/2023","81.73","81.79","82.51","81.36","13.80K","0.13%"
"09/08/2023","81.62","83.52","84.00","81.28","17.11K","-2.01%"
"09/07/2023","83.29","83.67","84.28","82.67","16.85K","-0.49%"
"09/06/2023","83.70","83.95","84.81","83.11","15.69K","-0.25%"
"09/05/2023","83.91","84.18","84.81","83.60","16.54K","-0.20%"
"09/04/2023","84.08","85.63","85.63","83.75","13.97K","-1.82%"
"09/01/2023","85.64","86.03","86.32","85.00","11.95K","-0.45%"
"08/31/2023","86.03","86.10","87.28","85.58","11.31K","0.03%"
"08/30/2023","86.00","84.91","86.63","84.64","13.34K","1.18%"
"08/29/2023","85.00","85.72","86.49","84.52","12.48K","-0.70%"
"08/28/2023","85.60","85.40","86.50","84.79","8.13K","0.41%"
"08/25/2023","85.25","85.06","86.42","84.50","13.46K","0.05%"
"08/24/2023","85.21","87.35","87.35","85.10","18.77K","-3.17%"
"08/23/2023","88.00","89.96","90.23","87.35","19.87K","-2.23%"
"08/22/2023","90.01","87.85","90.39","87.76","19.57K","2.46%"
"08/21/2023","87.85","88.62","88.70","86.86","11.65K","-0.23%"
"08/18/2023","88.05","88.68","89.09","87.27","12.86K","-0.90%"
"08/17/2023","88.85","88.60","89.87","87.70","15.80K","0.30%"
"08/16/2023","88.58","87.64","88.89","87.35","15.60K","1.97%"
"08/15/2023","86.87","88.23","88.60","86.70","13.02K","-1.23%"
"08/14/2023","87.95","86.57","88.13","86.00","13.26K","1.32%"
"08/11/2023","86.80","84.90","86.92","84.00","10.94K","2.66%"
"08/10/2023","84.55","84.24","85.21","83.03","12.82K","0.77%"
"08/09/2023","83.90","84.34","85.82","83.50","17.02K","-0.08%"
"08/08/2023","83.97","82.70","84.47","82.31","14.58K","1.61%"
"08/07/2023","82.64","83.55","84.56","82.56","13.37K","-0.92%"
"08/04/2023","83.41","84.99","85.63","83.30","11.73K","-1.18%"
"08/03/2023","84.41","83.23","85.80","83.10","16.35K","1.45%"
"08/02/2023","83.20","84.65","84.99","83.01","21.26K","-1.68%"
"08/01/2023","84.62","86.85","87.83","84.40","22.39K","-2.52%"
"07/31/2023","86.81","88.34","89.42","86.37","15.97K","-2.13%"
"07/28/2023","88.70","90.92","90.92","88.16","16.24K","-2.44%"
"07/27/2023","90.92","90.79","91.28","89.23","15.51K","0.17%"
"07/26/2023","90.77","92.32","93.50","90.34","16.55K","-1.70%"
"07/25/2023","92.34","91.25","92.52","91.14","14.27K","1.15%"
"07/24/2023","91.29","91.82","92.59","90.53","14.37K","-0.58%"
"07/21/2023","91.82","90.80","92.30","90.33","14.12K","1.08%"
"07/20/2023","90.84","88.95","91.24","88.75","17.57K","2.09%"
"07/19/2023","88.98","88.10","89.40","87.05","15.48K","0.91%"
"07/18/2023","88.18","86.78","88.32","86.25","14.99K","1.61%"
"07/17/2023","86.78","85.93","86.81","85.18","12.73K","0.50%"
"07/14/2023","86.35","85.82","87.65","85.82","10.62K","0.55%"
"07/13/2023","85.88","85.86","86.96","85.32","11.32K","0.06%"
"07/12/2023","85.83","87.03","88.32","85.68","15.76K","-1.40%"
"07/11/2023","87.05","86.34","87.22","85.11","15.21K","0.92%"
"07/10/2023","86.26","86.16","87.17","85.48","12.70K","0.13%"
"07/07/2023","86.15","86.05","87.85","85.83","12.12K","-0.16%"
"07/06/2023","86.29","85.70","86.45","85.33","14.12K","0.56%"
"07/05/2023","85.81","87.06","87.32","85.71","15.08K","-2.14%"
"07/04/2023","87.69","87.41","88.10","86.68","10.26K","0.13%"
"07/03/2023","87.58","89.12","89.83","87.18","13.06K","-2.22%"
"06/30/2023","89.57","88.10","89.61","87.11","12.88K","1.63%"
"06/29/2023","88.13","87.34","88.82","87.24","12.33K","-0.09%"
"06/28/2023","88.21","89.67","89.70","86.98","13.96K","-0.99%"
"06/27/2023","89.09","86.49","89.17","85.80","14.66K","3.01%"
"06/26/2023","86.49","87.69","89.65","85.89","16.58K","-1.21%"
"06/23/2023","87.55","90.90","90.90","87.55","14.05K","-3.74%"
"06/22/2023","90.95","90.20","91.20","88.33","18.31K","0.11%"
"06/21/2023","90.85","94.41","95.40","90.39","27.35K","-3.87%"
"06/20/2023","94.51","93.09","96.00","92.85","23.51K","1.37%"
"06/19/2023","93.23","91.70","93.65","90.30","15.15K","1.43%"
"06/16/2023","91.92","92.92","93.18","90.50","19.81K","-1.09%"
"06/15/2023","92.93","93.51","95.18","91.50","29.19K","-0.74%"
"06/14/2023","93.62","90.46","93.99","89.91","28.12K","3.20%"
"06/13/2023","90.72","88.00","91.03","86.91","30.35K","2.83%"
"06/12/2023","88.22","86.75","88.46","84.88","17.45K","2.41%"
"06/09/2023","86.14","83.75","87.30","83.50","17.41K","3.35%"
"06/08/2023","83.35","83.99","84.95","82.63","15.10K","-0.61%"
"06/07/2023","83.86","81.64","84.19","80.10","18.61K","2.72%"
"06/06/2023","81.64","83.00","83.48","80.28","17.91K","-1.47%"
"06/05/2023","82.86","79.05","83.25","78.01","23.97K","5.53%"
"06/02/2023","78.52","78.95","80.47","78.52","15.52K","-0.54%"
"06/01/2023","78.95","80.78","81.10","78.47","22.48K","-2.25%"
"05/31/2023","80.77","80.45","81.97","79.32","21.92K","0.49%"
"05/30/2023","80.38","83.05","83.34","80.36","24.55K","-3.16%"
"05/29/2023","83.00","83.01","84.46","82.67","4.74K","-0.16%"
"05/26/2023","83.13","82.75","83.37","81.94","14.76K","0.61%"
"05/25/2023","82.63","85.03","85.15","82.63","20.74K","-2.55%"
"05/24/2023","84.79","85.81","86.26","84.55","13.80K","-1.18%"
"05/23/2023","85.80","87.40","87.72","85.36","16.12K","-1.66%"
"05/22/2023","87.25","89.43","89.71","86.77","15.35K","-2.44%"
"05/19/2023","89.43","89.66","91.24","89.33","12.79K","-0.25%"
"05/18/2023","89.65","88.49","90.21","87.92","9.13K","1.83%"
"05/17/2023","88.04","88.77","89.75","87.55","11.44K","-1.00%"
"05/16/2023","88.93","87.14","89.20","86.66","13.11K","2.05%"
"05/15/2023","87.14","88.50","89.19","86.13","15.99K","-2.01%"
"05/12/2023","88.93","88.54","89.67","88.14","9.38K","0.41%"
"05/11/2023","88.57","89.22","90.12","87.68","16.42K","-0.55%"
"05/10/2023","89.06","87.69","89.75","87.20","16.36K","1.77%"
"05/09/2023","87.51","85.57","87.75","85.20","14.24K","2.24%"
"05/08/2023","85.59","85.00","85.99","84.50","6.33K","0.74%"
"05/05/2023","84.96","84.66","86.90","84.30","12.00K","0.54%"
"05/04/2023","84.50","85.29","85.71","83.25","17.53K","-0.76%"
"05/03/2023","85.15","89.00","89.35","84.00","24.91K","-3.81%"
"05/02/2023","88.52","85.66","90.82","85.42","21.01K","3.37%"
"05/01/2023","85.63","87.39","88.36","85.50","4.52K","-2.30%"
"04/28/2023","87.65","86.49","88.11","86.13","11.92K","1.12%"
"04/27/2023","86.68","85.94","87.90","85.40","18.54K","0.51%"
"04/26/2023","86.24","86.90","87.00","85.16","19.49K","-0.66%"
"04/25/2023","86.81","88.58","88.91","86.53","20.94K","-1.98%"
"04/24/2023","88.56","90.11","90.11","87.59","17.79K","-1.45%"
"04/21/2023","89.86","91.95","92.41","89.25","16.35K","-2.05%"
"04/20/2023","91.74","94.45","94.66","91.18","18.42K","-2.81%"
"04/19/2023","94.39","95.30","96.47","94.18","12.80K","-0.80%"
"04/18/2023","95.15","92.98","95.60","92.33","14.37K","2.41%"
"04/17/2023","92.91","94.14","94.75","92.16","11.40K","-1.28%"
"04/14/2023","94.11","94.39","94.99","93.16","11.55K","-0.30%"
"04/13/2023","94.39","96.15","96.50","93.10","14.93K","-1.95%"
"04/12/2023","96.27","97.53","98.21","95.09","16.89K","-1.23%"
"04/11/2023","97.47","96.75","98.43","96.72","12.46K","0.74%"
"04/06/2023","96.75","97.00","97.90","96.00","","-0.27%"
"04/05/2023","97.01","94.97","98.00","94.78","17.83K","2.14%"
"04/04/2023","94.98","96.00","97.35","94.63","15.77K","-1.06%"
"04/03/2023","96.00","91.75","96.16","91.69","15.34K","4.63%"
"03/31/2023","91.75","90.93","92.89","90.71","14.19K","1.05%"
"03/30/2023","90.80","90.43","91.76","89.55","15.57K","0.87%"
"03/29/2023","90.02","89.47","91.10","89.33","12.36K","0.69%"
"03/28/2023","89.40","87.62","90.56","87.62","15.63K","1.44%"
"03/27/2023","88.13","88.02","89.19","86.73","13.64K","0.33%"
"03/24/2023","87.84","92.75","94.12","86.64","26.02K","-5.65%"
"03/23/2023","93.10","89.92","93.30","89.50","16.29K","3.78%"
"03/22/2023","89.71","90.44","90.78","88.40","16.77K","-0.81%"
"03/21/2023","90.44","87.85","91.50","87.65","19.13K","2.95%"
"03/20/2023","87.85","87.27","89.15","84.75","21.95K","-0.62%"
"03/17/2023","88.40","88.25","89.95","86.01","19.72K","0.61%"
"03/16/2023","87.86","89.77","91.79","86.25","29.12K","-1.54%"
"03/15/2023","89.23","92.98","95.43","89.00","30.85K","-3.92%"
"03/14/2023","92.87","95.66","96.85","92.40","21.47K","-2.76%"
"03/13/2023","95.51","100.16","100.16","95.24","26.21K","-4.65%"
"03/10/2023","100.17","99.00","100.34","98.28","16.23K","0.88%"
"03/09/2023","99.30","97.80","99.83","96.59","19.43K","1.50%"
"03/08/2023","97.83","95.98","99.00","95.90","16.93K","1.97%"
"03/07/2023","95.94","93.23","96.80","92.80","16.95K","3.22%"
"03/06/2023","92.95","92.36","94.63","92.10","13.20K","0.74%"
"03/03/2023","92.27","93.00","93.51","91.55","16.75K","-0.78%"
"03/02/2023","93.00","96.93","98.39","92.90","21.15K","-4.23%"
"03/01/2023","97.11","99.73","99.76","96.42","16.95K","-2.44%"
"02/28/2023","99.54","100.06","100.65","99.03","15.07K","-0.75%"
"02/27/2023","100.29","97.40","100.64","97.36","15.56K","2.49%"
"02/24/2023","97.85","97.09","100.15","96.83","14.91K","1.20%"
"02/23/2023","96.69","96.07","98.17","95.91","12.71K","0.40%"
"02/22/2023","96.30","99.98","100.60","95.95","16.52K","-3.82%"
"02/21/2023","100.12","98.05","101.18","96.63","19.56K","1.85%"
"02/20/2023","98.30","96.30","99.99","95.90","16.18K","2.36%"
"02/17/2023","96.03","98.15","98.45","95.53","13.93K","-1.86%"
"02/16/2023","97.85","94.51","98.31","94.21","18.74K","3.45%"
"02/15/2023","94.59","91.77","94.94","90.50","15.40K","3.50%"
"02/14/2023","91.39","92.28","93.50","89.91","16.66K","-1.14%"
"02/13/2023","92.44","93.13","93.99","91.68","11.31K","-0.94%"
"02/10/2023","93.32","91.29","93.32","90.63","12.27K","2.19%"
"02/09/2023","91.32","90.40","92.98","89.95","14.59K","1.03%"
"02/08/2023","90.39","90.60","92.05","89.18","12.91K","-0.12%"
"02/07/2023","90.50","91.29","92.35","89.18","15.95K","-0.75%"
"02/06/2023","91.18","93.85","95.98","90.54","16.67K","-2.66%"
"02/03/2023","93.67","94.24","96.00","93.06","14.01K","0.09%"
"02/02/2023","93.59","95.45","97.13","91.81","20.71K","-2.10%"
"02/01/2023","95.60","93.36","97.55","92.25","24.51K","2.80%"
"01/31/2023","93.00","89.80","93.64","88.99","23.08K","3.55%"
"01/30/2023","89.81","89.54","90.32","87.52","16.64K","0.29%"
"01/27/2023","89.55","89.30","90.70","88.63","19.01K","0.18%"
"01/26/2023","89.39","84.55","89.60","84.01","22.43K","5.54%"
"01/25/2023","84.70","81.71","85.00","81.00","17.93K","3.33%"
"01/24/2023","81.97","84.80","84.85","81.53","19.16K","-2.95%"
"01/23/2023","84.46","84.95","85.92","83.75","12.76K","-0.74%"
"01/20/2023","85.09","84.05","85.30","83.43","12.87K","0.99%"
"01/19/2023","84.26","83.32","85.35","83.13","16.89K","0.52%"
"01/18/2023","83.82","79.29","83.86","78.31","18.73K","5.54%"
"01/17/2023","79.42","77.55","80.20","77.07","17.15K","2.45%"
"01/16/2023","77.52","79.72","79.75","77.37","16.42K","-2.65%"
"01/13/2023","79.63","80.50","80.56","78.21","13.86K","-0.67%"
"01/12/2023","80.17","78.77","80.86","78.50","11.81K","1.44%"
"01/11/2023","79.03","80.54","81.64","78.51","15.43K","-2.19%"
"01/10/2023","80.80","81.78","82.51","80.07","11.72K","-0.25%"
"01/09/2023","81.00","77.64","81.88","77.01","16.09K","4.35%"
"01/06/2023","77.62","78.61","79.64","77.08","9.40K","-1.16%"
"01/05/2023","78.53","77.52","79.75","77.00","15.42K","1.33%"
"01/04/2023","77.50","82.71","84.12","77.25","18.11K","-6.56%"
"01/03/2023","82.94","85.12","86.17","81.87","11.74K","-2.79%"
"01/02/2023","85.32","82.45","86.87","82.40","2.19K","3.72%"